,article_cleaned
0,Article title: NEJM Knowledge+ and AMBOSS. Article body: new england journal medicine launched nejm knowledge 2014 help clinician enhance expand clinical expertise fulfill necessary cme requirement approach certification recertification exam confidence nejm knowledge offered internal medicine family medicine pediatrics board review prep nejm knowledge question available platform access question creating new custom session within qbank filtering exam nejm knowledge specialty board exam alternatively go study plan head nejm knowledge board exam tab access question conveniently organized content area depth instruction create custom qbank session please check article member access nejm knowledge board prep question internal medicine family medicine pediatrics along comprehensive suite clinical tool feature include management checklist differential diagnosis clinical drug database dosing clinical calculator feature available desktop version well mobile apps downloaded via link question please feel  support emailing u knowledgeplus com please note pain management opioids module managed nejm group question specific module please reach knowledgeplussupport nejm org
1,Article title: ðŸ¤– Virtual AMBOSS Assistant (Beta). Article body: provide even better support regarding question around currently testing ai powered software interact virtual assistant chat window 24 7 please note virtual assistant currently still learning answer might 100 correct case follow question request solved always reach u personally also keep mind software access internal system account related data hence give information current licence subscription status
2,Article title: Program Overview. Article body: accredited accreditation council continuing medical education accme provider continuing medical education cme physician accreditation accme system seek assure medical community public delivers education relevant clinician need evidence based evaluated effectiveness independent commercial influence mission statement mission cme program provide clinician updated evidence based clinically relevant information wide range disease condition concise accessible format optimized support learning clinical decision making expected result program increase clinical competence improvement clinical performance participant activity type internet point care internet searching learning cme enduring material activity nejm knowledge family medicine board review cme nejm knowledge internal medicine board review cme nejm knowledge pediatrics board review cme question feedback related cme program please email u hello com
3,Article title: Access to Anki Mobile Support (Beta). Article body: anki mobile support beta rolled user add anki add installed computer logged add account automatically received update notification instruction enabling mobile support setting update notification presented please follow step go setting check check mark enable mobile support beta confirm clicking save sync device see change mobile installed anki mobile app device yet download via link provided io ankimobile app android ankidroid app optimal experience highly recommend keeping system apps updated please also note order enable pop explanation mobile need ankiweb account sync desktop version anki mobile device well account active access create account activate 5 day free trial
4,Article title: Persistent Filters. Article body: creating custom qbank session allows set persistent filter meaning select session criterion every new custom session accessing custom session creation page sidebar chosen filter setting saved new custom session revert overwrite setting new filter please note new custom session exam field pre set based study objective changing study objective revert saved filter additionally question status pre set yet answered number question session set 40 default persistent filter applied question session created within library article filter set using refine button creating qbank session article saved applied current session
5,Article title: Knowledge App. Article body: offer knowledge app access entirety knowledge library go app included active access platform either subscription campus license additional cost download knowledge app io android please note time development operating system e g window planned find helpful tip trick use knowledge app within app going setting selecting help center support section preview help center within knowledge app
6,Article title: ðŸš‘ Emergency Kit for the Holidays. Article body: whenever support available provided comprehensive troubleshooting step follow case unable use due access technical issue 1 login work cannot log account go following point entered login data correctly also note space multiple account please test login e mail address password login detail recognized please try reset password receive requested email please also check spam folder please also note link sent valid 24 hour automatically deactivated request reset password confirm clicking save successful change confirmed via email trying log german platform easily recognize language login page german v english login hereto access english platform 2 access blocked log account cannot access content please check following browser version go account setting membership license check whether active access account section page say become member currently access purchased access displayed account could several account logging account without valid access therefore try logging via email address cannot access qbank may reached question limit easily upgrade access unlimited question 3 technical problem encounter technical difficulty using desktop version please follow instruction important check whether difficulty occur independently device browser status page check general technical problem server encounter technical difficulty using apps please try following troubleshooting step log back app correct login close restart app clear app cache via device setting uninstall reinstall app app store google play store restart device update mobile operating system switch another network mobile data wifi
7,Article title: In-App Messaging. Article body:  team straight apps android built messaging option bottom  especially helpful technical issue message automatically provide u information often useful staff identify possible error source
8,Article title: In-App Messaging. Article body:  team straight apps io built messaging option top  especially helpful technical issue message automatically provide u information often useful staff identify possible error source
9,Article title: AMBOSS Status. Article body: receiving 500 error platform loading desktop please try following troubleshooting step clear browser cooky cache update browser latest version update operating system latest version possible log using different browser recommend latest version chrome firefox deactivate ad block may step resolve issue please click see platform case rest assured developer actively working fix additionally please feel   u message update
